,seq,modifications,tr,index_name,index_name,index_name,index_name,index_name,predictions
Pep_3,AAAAAAAAAAK,,5469966.0,Pep_3,Pep_3,Pep_3,Pep_3,Pep_3,1480.9594319661458
Pep_75,AAAFPPGFSISEIK,,9114156.0,Pep_75,Pep_75,Pep_75,Pep_75,Pep_75,5523.711751302083
Pep_47,AAAAVEPDVVVK,,4512906.0,Pep_47,Pep_47,Pep_47,Pep_47,Pep_47,3667.4099934895835
Pep_111,AAALAHLDR,,2355840.0,Pep_111,Pep_111,Pep_111,Pep_111,Pep_111,1619.87353515625
Pep_119,AAALEEHNAAMKDQLK,,3187746.0,Pep_119,Pep_119,Pep_119,Pep_119,Pep_119,4071.2587890625
Pep_80,AAAGDAPPAAAPAASCSASLPGALGGSAGAAGAEDSYGLVAPATAAYR,16|Carbamidomethyl,9423360.0,Pep_80,Pep_80,Pep_80,Pep_80,Pep_80,7779.913248697917
Pep_100,AAAGYAACLLPGAGARPEVEALDASLEDLLTR,8|Carbamidomethyl,14204979.0,Pep_100,Pep_100,Pep_100,Pep_100,Pep_100,9724.978190104166
Pep_195,AAATTSQPVLTSQQIETIFFK,,11201283.0,Pep_195,Pep_195,Pep_195,Pep_195,Pep_195,7251.73486328125
Pep_193,AAATQPDAKDTPDEPWAFPAR,,6765678.0,Pep_193,Pep_193,Pep_193,Pep_193,Pep_193,5613.752604166667
Pep_73,AAAFEQLQK,,3842964.0,Pep_73,Pep_73,Pep_73,Pep_73,Pep_73,2032.3166910807292
Pep_19,AAAAADLANR,,2127618.0,Pep_19,Pep_19,Pep_19,Pep_19,Pep_19,1423.9009602864583
Pep_107,AAAITSDILEALGR,,10763244.0,Pep_107,Pep_107,Pep_107,Pep_107,Pep_107,4428.171142578125
Pep_87,AAAGELQEDSGLMALAK,,7847892.0,Pep_87,Pep_87,Pep_87,Pep_87,Pep_87,5050.158528645833
Pep_99,AAAGVGGSLR,,1818414.0,Pep_99,Pep_99,Pep_99,Pep_99,Pep_99,1423.4683837890625
Pep_43,AAAATGTIFTFR,,7413534.0,Pep_43,Pep_43,Pep_43,Pep_43,Pep_43,4202.664225260417
Pep_66,AAAELALSCLPHAHALNPNEIQR,9|Carbamidomethyl,7516602.0,Pep_66,Pep_66,Pep_66,Pep_66,Pep_66,6427.024576822917
Pep_180,AAASLSQPEEEQK,,2333754.0,Pep_180,Pep_180,Pep_180,Pep_180,Pep_180,2545.468546549479
Pep_169,AAARPLLTDLYQATMALGYWR,,13052826.0,Pep_169,Pep_169,Pep_169,Pep_169,Pep_169,7916.861979166667
Pep_94,AAAGLLPGGK,,3570570.0,Pep_94,Pep_94,Pep_94,Pep_94,Pep_94,2281.7738037109375
Pep_82,AAAGEDYK,,868716.0,Pep_82,Pep_82,Pep_82,Pep_82,Pep_82,1101.8599650065105
Pep_167,AAAQVLNTLWQYR,,9688392.0,Pep_167,Pep_167,Pep_167,Pep_167,Pep_167,5915.68505859375
Pep_174,AAASGQPRPEMQCPAEHEEDMYR,13|Carbamidomethyl,4336218.0,Pep_174,Pep_174,Pep_174,Pep_174,Pep_174,5471.212320963542
Pep_56,AAAEDVNVTFEDQQK,,4991436.0,Pep_56,Pep_56,Pep_56,Pep_56,Pep_56,3965.400390625
Pep_41,AAAASAAEAGIATTGTEDSDDALLK,,6804942.0,Pep_41,Pep_41,Pep_41,Pep_41,Pep_41,5707.11474609375
Pep_213,AAAYLSEAMK,,4711680.0,Pep_213,Pep_213,Pep_213,Pep_213,Pep_213,2612.4690755208335
Pep_219,AACDLVR,3|Carbamidomethyl,2098170.0,Pep_219,Pep_219,Pep_219,Pep_219,Pep_219,1460.8719482421875
Pep_182,AAASSPVTTLTQTMHDLAGLGSETPK,,11587788.0,Pep_182,Pep_182,Pep_182,Pep_182,Pep_182,6992.833170572917
Pep_150,AAAPAPVSEAVCR,12|Carbamidomethyl,3997566.0,Pep_150,Pep_150,Pep_150,Pep_150,Pep_150,2768.4120279947915
Pep_220,AACEQQAVALTLQEDR,3|Carbamidomethyl,6173037.0,Pep_220,Pep_220,Pep_220,Pep_220,Pep_220,4439.677408854167
Pep_14,AAAAAADPNAAWAAYYSHYYQQPPGPVPGPAPAPAAPPAQGEPPQPPPTGQSDYTK,,9762012.0,Pep_14,Pep_14,Pep_14,Pep_14,Pep_14,7898.2138671875
Pep_86,AAAGELQEDSGLCVLAR,13|Carbamidomethyl,7244208.0,Pep_86,Pep_86,Pep_86,Pep_86,Pep_86,4732.362141927083
Pep_52,AAADTLQGPMQAAYR,,5687145.0,Pep_52,Pep_52,Pep_52,Pep_52,Pep_52,4362.770182291667
Pep_122,AAALEFLNRFEEAKR,,8083476.0,Pep_122,Pep_122,Pep_122,Pep_122,Pep_122,5632.767903645833
Pep_147,AAAPAEGPPGGIQPEAAEPKPTAEAPKAPR,,4925178.0,Pep_147,Pep_147,Pep_147,Pep_147,Pep_147,7998.264485677083
Pep_113,AAALASGCTVEIK,8|Carbamidomethyl,4623336.0,Pep_113,Pep_113,Pep_113,Pep_113,Pep_113,3499.0801595052085
Pep_12,AAAAAAALQAK,,2355840.0,Pep_12,Pep_12,Pep_12,Pep_12,Pep_12,2004.9901123046875
Pep_212,AAAYDLLVEMVK,,10770606.0,Pep_212,Pep_212,Pep_212,Pep_212,Pep_212,5138.388997395833
Pep_91,AAAGIQPPGYLIHESACWSDTLQR,17|Carbamidomethyl,9504342.0,Pep_91,Pep_91,Pep_91,Pep_91,Pep_91,7151.772298177083
Pep_130,AAALSFVSLVDGYFR,,13413564.0,Pep_130,Pep_130,Pep_130,Pep_130,Pep_130,6484.76513671875
Pep_63,AAAEGLMSLLR,,9482256.0,Pep_63,Pep_63,Pep_63,Pep_63,Pep_63,4038.5528157552085
Pep_197,AAAVDFTAR,,3644190.0,Pep_197,Pep_197,Pep_197,Pep_197,Pep_197,1789.2992350260417
Pep_138,AAAMAAAAAETSQR,,3150936.0,Pep_138,Pep_138,Pep_138,Pep_138,Pep_138,2380.0541178385415
Pep_5,AAAAAAAAAASGAAIPPLIPPR,,8433171.0,Pep_5,Pep_5,Pep_5,Pep_5,Pep_5,6109.891438802083
Pep_194,AAATTAQEYLK,,4078548.0,Pep_194,Pep_194,Pep_194,Pep_194,Pep_194,3066.0880533854165
Pep_61,AAAEEQIKVLEVTEEFGVHLAELTVDPQGALAIR,,15055290.0,Pep_61,Pep_61,Pep_61,Pep_61,Pep_61,10162.81640625
Pep_67,AAAEQAISVR,,2930076.0,Pep_67,Pep_67,Pep_67,Pep_67,Pep_67,1855.3016764322917
Pep_106,AAAIGITQVVISR,,7310466.0,Pep_106,Pep_106,Pep_106,Pep_106,Pep_106,4458.201416015625
Pep_131,AAALSGGGGPGAQAPR,,2620872.0,Pep_131,Pep_131,Pep_131,Pep_131,Pep_131,2336.5599365234375
Pep_142,AAANEQLTR,,1501848.0,Pep_142,Pep_142,Pep_142,Pep_142,Pep_142,1415.67138671875
Pep_121,AAALEFLNRFEEAK,,8893296.0,Pep_121,Pep_121,Pep_121,Pep_121,Pep_121,5492.751790364583
Pep_206,AAAVSLENVLLDVK,,10512936.0,Pep_206,Pep_206,Pep_206,Pep_206,Pep_206,5712.492838541667
Pep_155,AAAPGVEDEPLLR,,5904324.0,Pep_155,Pep_155,Pep_155,Pep_155,Pep_155,3748.3621419270835
Pep_196,AAATYEQMK,,2164428.0,Pep_196,Pep_196,Pep_196,Pep_196,Pep_196,1937.25244140625
Pep_178,AAASLAWVLR,,8517834.0,Pep_178,Pep_178,Pep_178,Pep_178,Pep_178,3504.68994140625
Pep_181,AAASLSQPEEEQKLQPELQPK,,5565672.0,Pep_181,Pep_181,Pep_181,Pep_181,Pep_181,6015.221516927083
Pep_221,AACETFDVR,3|Carbamidomethyl,3798792.0,Pep_221,Pep_221,Pep_221,Pep_221,Pep_221,1841.3362223307292
Pep_17,AAAAAATAPPSPGPAQPGPR,,3828240.0,Pep_17,Pep_17,Pep_17,Pep_17,Pep_17,5036.559895833333
Pep_76,AAAFQVAPHSHGEEAVAQDRIPSGK,,4623336.0,Pep_76,Pep_76,Pep_76,Pep_76,Pep_76,5713.741943359375
Pep_132,AAALSGGLLSDPELQR,,7582860.0,Pep_132,Pep_132,Pep_132,Pep_132,Pep_132,4401.567057291667
Pep_199,AAAVGTANK,,0.0,Pep_199,Pep_199,Pep_199,Pep_199,Pep_199,1247.5867919921875
Pep_84,AAAGEFADDPCSSVK,11|Carbamidomethyl,4218426.0,Pep_84,Pep_84,Pep_84,Pep_84,Pep_84,3391.150146484375
Pep_137,AAALVLQTIWGYKELR,,10240542.0,Pep_137,Pep_137,Pep_137,Pep_137,Pep_137,6856.090169270833
Pep_74,AAAFLAVLVASAPR,,11146068.0,Pep_74,Pep_74,Pep_74,Pep_74,Pep_74,5187.46533203125
Pep_110,AAALAAAVAQDPAASGAPSS,,6003711.0,Pep_110,Pep_110,Pep_110,Pep_110,Pep_110,4134.3681640625
Pep_115,AAALCNACELSGK,5|Carbamidomethyl|8|Carbamidomethyl,3931308.0,Pep_115,Pep_115,Pep_115,Pep_115,Pep_115,2676.9024251302085
Pep_79,AAAGAAGAEAPR,,1406142.0,Pep_79,Pep_79,Pep_79,Pep_79,Pep_79,1455.5421956380208
Pep_103,AAAHHYGAQCDKPNK,10|Carbamidomethyl,993870.0,Pep_103,Pep_103,Pep_103,Pep_103,Pep_103,3072.6576334635415
Pep_134,AAALSLSTLASPK,,7060158.0,Pep_134,Pep_134,Pep_134,Pep_134,Pep_134,4046.0313313802085
Pep_72,AAAFEEQENETVVVKEK,,4505544.0,Pep_72,Pep_72,Pep_72,Pep_72,Pep_72,5039.810221354167
Pep_44,AAAAVAAAASSCR,12|Carbamidomethyl,2458908.0,Pep_44,Pep_44,Pep_44,Pep_44,Pep_44,1941.734130859375
Pep_71,AAAFEEQENETVVVK,,5238063.0,Pep_71,Pep_71,Pep_71,Pep_71,Pep_71,4144.896809895833
Pep_161,AAAQETVR,,942336.0,Pep_161,Pep_161,Pep_161,Pep_161,Pep_161,994.0514933268229
Pep_0,AAAAAAAAAAAAAAAASAGGK,,7615989.0,Pep_0,Pep_0,Pep_0,Pep_0,Pep_0,3777.6617024739585
Pep_215,AAAYSAQVQPVDGATR,,3990204.0,Pep_215,Pep_215,Pep_215,Pep_215,Pep_215,3403.0076497395835
Pep_222,AACFAIQK,3|Carbamidomethyl,3298176.0,Pep_222,Pep_222,Pep_222,Pep_222,Pep_222,1640.2397867838542
Pep_15,AAAAAAQSEGDEDRPGER,,1604916.0,Pep_15,Pep_15,Pep_15,Pep_15,Pep_15,2951.2342122395835
Pep_40,AAAAPGASPSPGGDAAWSEAGPGPRPLAR,,6077331.0,Pep_40,Pep_40,Pep_40,Pep_40,Pep_40,6661.458658854167
Pep_159,AAAQCYIDLIIK,5|Carbamidomethyl,9636858.0,Pep_159,Pep_159,Pep_159,Pep_159,Pep_159,5682.458984375
Pep_102,AAAHCAHVFTTVSQITAIEAQHLLK,5|Carbamidomethyl,9266304.0,Pep_102,Pep_102,Pep_102,Pep_102,Pep_102,7507.861002604167
Pep_58,AAAEEGHIIPR,,2701854.0,Pep_58,Pep_58,Pep_58,Pep_58,Pep_58,2436.1910807291665
Pep_217,AACAQLNDFLQEYGTQGCQV,3|Carbamidomethyl|18|Carbamidomethyl,9776736.0,Pep_217,Pep_217,Pep_217,Pep_217,Pep_217,6180.892578125
Pep_81,AAAGDLGGDHLAFSCDVAK,15|Carbamidomethyl,6187761.0,Pep_81,Pep_81,Pep_81,Pep_81,Pep_81,4854.104573567708
Pep_165,AAAQLTYCSLCPPDDLADR,8|Carbamidomethyl|11|Carbamidomethyl,7818444.0,Pep_165,Pep_165,Pep_165,Pep_165,Pep_165,5872.163248697917
Pep_24,AAAAAWEEPSSGNGTAR,,3824559.0,Pep_24,Pep_24,Pep_24,Pep_24,Pep_24,3246.6046549479165
Pep_125,AAALLMLTK,,6493284.0,Pep_125,Pep_125,Pep_125,Pep_125,Pep_125,3379.8650716145835
Pep_207,AAAVSSGFDGAIQLVSLGGR,,10336248.0,Pep_207,Pep_207,Pep_207,Pep_207,Pep_207,6044.923502604167
Pep_149,AAAPAPGCCPPTPNPGSR,8|Carbamidomethyl|9|Carbamidomethyl,3600018.0,Pep_149,Pep_149,Pep_149,Pep_149,Pep_149,4022.953857421875
Pep_123,AAALEQFK,,3820878.0,Pep_123,Pep_123,Pep_123,Pep_123,Pep_123,1787.806884765625
Pep_78,AAAGAAATHLEVAR,,3161979.0,Pep_78,Pep_78,Pep_78,Pep_78,Pep_78,3143.9668782552085
Pep_65,AAAEIYEEFLAAFEGSDGNKVK,,12603744.0,Pep_65,Pep_65,Pep_65,Pep_65,Pep_65,7877.716634114583
Pep_168,AAAQYYLGNFR,,6817212.0,Pep_168,Pep_168,Pep_168,Pep_168,Pep_168,3732.2095540364585
Pep_114,AAALATVNAWAEQTGMK,,8495748.0,Pep_114,Pep_114,Pep_114,Pep_114,Pep_114,5104.1142578125
Pep_48,AAAAVVAAAAR,,2878542.0,Pep_48,Pep_48,Pep_48,Pep_48,Pep_48,1955.0050455729167
Pep_172,AAASGIMGR,,2370564.0,Pep_172,Pep_172,Pep_172,Pep_172,Pep_172,1647.9977620442708
Pep_39,AAAAPGASPSPGGDAAWSEAGPGPR,,5359536.0,Pep_39,Pep_39,Pep_39,Pep_39,Pep_39,5022.266031901042
Pep_1,AAAAAAAAAAAAAAAGAGAGAK,,7045434.0,Pep_1,Pep_1,Pep_1,Pep_1,Pep_1,3997.1861979166665
Pep_13,AAAAAAASFAAEQAGAAALLPLGAAADHHSLYK,,10457721.0,Pep_13,Pep_13,Pep_13,Pep_13,Pep_13,9049.798502604166
Pep_32,AAAALMQDR,,2650320.0,Pep_32,Pep_32,Pep_32,Pep_32,Pep_32,1750.9169108072917
Pep_97,AAAGSAAGGFQR,,2547252.0,Pep_97,Pep_97,Pep_97,Pep_97,Pep_97,1772.6496175130208
Pep_30,AAAAGSLDR,,1501848.0,Pep_30,Pep_30,Pep_30,Pep_30,Pep_30,1198.4711507161458
Pep_96,AAAGQESEGPAVGPPQPLGK,,4921497.0,Pep_96,Pep_96,Pep_96,Pep_96,Pep_96,4977.9619140625
Pep_49,AAADFATHGK,,1597554.0,Pep_49,Pep_49,Pep_49,Pep_49,Pep_49,1551.8473307291667
Pep_90,AAAGGQGSAVAAEAEPGKEEPPAR,,3452778.0,Pep_90,Pep_90,Pep_90,Pep_90,Pep_90,4747.49853515625
Pep_171,AAASEAPQDVTYAQLHSLTLR,,7744824.0,Pep_171,Pep_171,Pep_171,Pep_171,Pep_171,5899.802734375
Pep_25,AAAACLDK,5|Carbamidomethyl,1317798.0,Pep_25,Pep_25,Pep_25,Pep_25,Pep_25,1199.2660725911458
Pep_176,AAASLAAVSGTAAASLGSAQPTDLGAHKR,,7229484.0,Pep_176,Pep_176,Pep_176,Pep_176,Pep_176,6907.002115885417
Pep_158,AAAPRPPVSAASGRPQDDTDSSR,,2871180.0,Pep_158,Pep_158,Pep_158,Pep_158,Pep_158,4690.2880859375
Pep_140,AAAMTPPEEELK,,4601250.0,Pep_140,Pep_140,Pep_140,Pep_140,Pep_140,3192.5831705729165
Pep_177,AAASLAAVSGTAAASLGSAQPTDLGAHKRPASVSSSAAVEHEQR,,6500646.0,Pep_177,Pep_177,Pep_177,Pep_177,Pep_177,7217.476236979167
Pep_88,AAAGGLAMLTSMR,,8061390.0,Pep_88,Pep_88,Pep_88,Pep_88,Pep_88,4197.969970703125
Pep_205,AAAVSEAEADFYEQNSR,,6128865.0,Pep_205,Pep_205,Pep_205,Pep_205,Pep_205,4453.976399739583
Pep_50,AAADGDRDCVLQK,9|Carbamidomethyl,2193876.0,Pep_50,Pep_50,Pep_50,Pep_50,Pep_50,2818.6947428385415
Pep_153,AAAPDVAPAPGPAPR,,3758301.0,Pep_153,Pep_153,Pep_153,Pep_153,Pep_153,3660.8929036458335
Pep_64,AAAEIYEEFLAAFEGSDGNK,,13420926.0,Pep_64,Pep_64,Pep_64,Pep_64,Pep_64,7276.596354166667
Pep_18,AAAAAATVLLR,,5720274.0,Pep_18,Pep_18,Pep_18,Pep_18,Pep_18,3284.8738606770835
Pep_51,AAADLMAYCEAHAK,9|Carbamidomethyl,4829472.0,Pep_51,Pep_51,Pep_51,Pep_51,Pep_51,4050.14990234375
Pep_210,AAAYDISEDEED,,4674870.0,Pep_210,Pep_210,Pep_210,Pep_210,Pep_210,1875.9452311197917
Pep_95,AAAGQEREGAEVR,,1015956.0,Pep_95,Pep_95,Pep_95,Pep_95,Pep_95,1947.163106282552
Pep_186,AAATAEEPDPK,,1479762.0,Pep_186,Pep_186,Pep_186,Pep_186,Pep_186,1692.8114420572917
Pep_208,AAAVVGINSETIMK,,6412302.0,Pep_208,Pep_208,Pep_208,Pep_208,Pep_208,4568.822672526042
Pep_136,AAALVLQTIWGYK,,10586556.0,Pep_136,Pep_136,Pep_136,Pep_136,Pep_136,6610.88623046875
Pep_179,AAASLHELCAAR,9|Carbamidomethyl,3379158.0,Pep_179,Pep_179,Pep_179,Pep_179,Pep_179,2208.805948893229
Pep_226,AACILTSQTLMR,3|Carbamidomethyl,5988987.0,Pep_226,Pep_226,Pep_226,Pep_226,Pep_226,3454.463623046875
Pep_9,AAAAAAAAAVSR,,2930076.0,Pep_9,Pep_9,Pep_9,Pep_9,Pep_9,1727.0103759765625
Pep_98,AAAGSLPGLQAQLAQAEQR,,7766910.0,Pep_98,Pep_98,Pep_98,Pep_98,Pep_98,5458.203938802083
Pep_191,AAATLMSER,,2366883.0,Pep_191,Pep_191,Pep_191,Pep_191,Pep_191,1810.7344970703125
Pep_126,AAALPAKPPNLDAALALLR,,10682262.0,Pep_126,Pep_126,Pep_126,Pep_126,Pep_126,6620.770833333333
Pep_157,AAAPQAWAGPMEEPPQAQAPPR,,6824574.0,Pep_157,Pep_157,Pep_157,Pep_157,Pep_157,6044.181477864583
Pep_45,AAAAVAAAASSCRPLGSGAGPGPTGAAPVSAPAPGPGPAGK,12|Carbamidomethyl,6279786.0,Pep_45,Pep_45,Pep_45,Pep_45,Pep_45,7244.886555989583
Pep_156,AAAPLFTGFLVLHSEPR,,10546065.0,Pep_156,Pep_156,Pep_156,Pep_156,Pep_156,7278.5693359375
Pep_92,AAAGKAELELELGR,,5528862.0,Pep_92,Pep_92,Pep_92,Pep_92,Pep_92,4294.669759114583
Pep_69,AAAEVAGQFVIK,,6235614.0,Pep_69,Pep_69,Pep_69,Pep_69,Pep_69,4397.827880859375
Pep_162,AAAQIAQALLGAEER,,8723970.0,Pep_162,Pep_162,Pep_162,Pep_162,Pep_162,4428.453369140625
Pep_77,AAAFVTSPPLSPDPTTPDFLNSLLSCGDLQVTGSAHCTFNTAQK,26|Carbamidomethyl|37|Carbamidomethyl,12909267.0,Pep_77,Pep_77,Pep_77,Pep_77,Pep_77,9294.8740234375
Pep_128,AAALQYPSPSAAQDMVER,,7045434.0,Pep_128,Pep_128,Pep_128,Pep_128,Pep_128,5000.589029947917
Pep_37,AAAAPAGGNPEQR,,1546020.0,Pep_37,Pep_37,Pep_37,Pep_37,Pep_37,1815.8190104166667
Pep_109,AAAITSDILEALGRDGHFTLFAPTNEAFEKLPR,,12780432.0,Pep_109,Pep_109,Pep_109,Pep_109,Pep_109,9808.827473958334
Pep_185,AAASVLTTSMVTMEPGYLFLGSR,,12397608.0,Pep_185,Pep_185,Pep_185,Pep_185,Pep_185,7698.3232421875
Pep_89,AAAGGQGSAVAAEAEPGK,,2672406.0,Pep_89,Pep_89,Pep_89,Pep_89,Pep_89,3265.948974609375
Pep_202,AAAVPVEFQEHHLSEVQNMASEEK,,6739911.0,Pep_202,Pep_202,Pep_202,Pep_202,Pep_202,6232.996744791667
Pep_228,AACLLDGVPVALK,3|Carbamidomethyl,8628264.0,Pep_228,Pep_228,Pep_228,Pep_228,Pep_228,5205.003580729167
Pep_34,AAAANLCPGDVILAIDGFGTESMTHADAQDR,7|Carbamidomethyl,12471228.0,Pep_34,Pep_34,Pep_34,Pep_34,Pep_34,8253.098795572916
Pep_198,AAAVDPTPAAPAR,,2966886.0,Pep_198,Pep_198,Pep_198,Pep_198,Pep_198,2629.916748046875
Pep_36,AAAAPAATTATPPPEGAPPQPGVHNLPVPTLFGTVK,,9629496.0,Pep_36,Pep_36,Pep_36,Pep_36,Pep_36,9043.241861979166
Pep_204,AAAVQADDVEVLK,,5344812.0,Pep_204,Pep_204,Pep_204,Pep_204,Pep_204,3770.0812174479165
Pep_184,AAASTDYYKR,,1597554.0,Pep_184,Pep_184,Pep_184,Pep_184,Pep_184,2225.476521809896
Pep_148,AAAPAPEEEMDECEQALAAEPK,13|Carbamidomethyl,6333160.5,Pep_148,Pep_148,Pep_148,Pep_148,Pep_148,5295.101643880208
Pep_170,AAASAPSSLLDQPCLCPAPSVR,14|Carbamidomethyl|16|Carbamidomethyl,8031942.0,Pep_170,Pep_170,Pep_170,Pep_170,Pep_170,6301.23681640625
Pep_4,AAAAAAAAAAR,,1781604.0,Pep_4,Pep_4,Pep_4,Pep_4,Pep_4,1221.605977376302
Pep_218,AACCLAGAR,3|Carbamidomethyl|4|Carbamidomethyl,1649088.0,Pep_218,Pep_218,Pep_218,Pep_218,Pep_218,1287.2279866536458
Pep_116,AAALEAMK,,1829457.0,Pep_116,Pep_116,Pep_116,Pep_116,Pep_116,1459.3060302734375
Pep_216,AACALLNSGGGVIR,3|Carbamidomethyl,6095736.0,Pep_216,Pep_216,Pep_216,Pep_216,Pep_216,3765.9424641927085
Pep_133,AAALSGGLLSDPELQRK,,6669972.0,Pep_133,Pep_133,Pep_133,Pep_133,Pep_133,5159.157063802083
Pep_117,AAALEAMKDYTK,,4744809.0,Pep_117,Pep_117,Pep_117,Pep_117,Pep_117,3566.1302083333335
Pep_190,AAATKKPAPEKKPAEK,,419634.0,Pep_190,Pep_190,Pep_190,Pep_190,Pep_190,5172.882486979167
Pep_164,AAAQLLQSQAQQSGAQQTKK,,3519036.0,Pep_164,Pep_164,Pep_164,Pep_164,Pep_164,5172.936930338542
Pep_227,AACLCFR,3|Carbamidomethyl|5|Carbamidomethyl,3997566.0,Pep_227,Pep_227,Pep_227,Pep_227,Pep_227,1642.3607584635417
Pep_152,AAAPDRTNPLNITLPFSFIDYYKK,,11528892.0,Pep_152,Pep_152,Pep_152,Pep_152,Pep_152,7957.834635416667
Pep_209,AAAVVGINSETIMKPASISEEELLNLINK,,12717855.0,Pep_209,Pep_209,Pep_209,Pep_209,Pep_209,9222.555338541666
Pep_224,AACHLKLEDYDKAETEASK,3|Carbamidomethyl,3990204.0,Pep_224,Pep_224,Pep_224,Pep_224,Pep_224,5784.754557291667
Pep_183,AAASTDYYK,,2105532.0,Pep_183,Pep_183,Pep_183,Pep_183,Pep_183,1897.2198486328125
Pep_203,AAAVPVEFQEHHLSEVQNMASEEKLEQVLSSMK,,10365696.0,Pep_203,Pep_203,Pep_203,Pep_203,Pep_203,9073.754557291666
Pep_143,AAANFSDR,,1634364.0,Pep_143,Pep_143,Pep_143,Pep_143,Pep_143,1124.703348795573
Pep_85,AAAGEFADDPCSSVKR,11|Carbamidomethyl,3761982.0,Pep_85,Pep_85,Pep_85,Pep_85,Pep_85,3556.3377278645835
Pep_135,AAALSPEDETWEVLEEAPPPVFPLRPGGLPGLCEWLR,33|Carbamidomethyl,14930136.0,Pep_135,Pep_135,Pep_135,Pep_135,Pep_135,9918.042317708334
Pep_31,AAAALCTLYHEAGQR,6|Carbamidomethyl,5823342.0,Pep_31,Pep_31,Pep_31,Pep_31,Pep_31,4294.687093098958
Pep_93,AAAGLGGGDSGDGTAR,,1465038.0,Pep_93,Pep_93,Pep_93,Pep_93,Pep_93,1762.9635823567708
Pep_144,AAANGFCVFNNVAIAAAHAK,7|Carbamidomethyl,8944830.0,Pep_144,Pep_144,Pep_144,Pep_144,Pep_144,6162.071126302083
Pep_11,AAAAAAAAVPSAGPAGPAPTSAAGR,,4785300.0,Pep_11,Pep_11,Pep_11,Pep_11,Pep_11,5482.28076171875
Pep_53,AAAEAAAEAK,,699390.0,Pep_53,Pep_53,Pep_53,Pep_53,Pep_53,1249.7924194335938
Pep_166,AAAQQLGEVVK,,4027014.0,Pep_166,Pep_166,Pep_166,Pep_166,Pep_166,2782.2705078125
Pep_10,AAAAAAAAGAFAGR,,4454010.0,Pep_10,Pep_10,Pep_10,Pep_10,Pep_10,2698.471964518229
Pep_187,AAATDHRQELIECVANSDEQLGEMFLEEK,13|Carbamidomethyl,11160792.0,Pep_187,Pep_187,Pep_187,Pep_187,Pep_187,8514.523763020834
Pep_27,AAAAFVLANENNIALFK,,10373058.0,Pep_27,Pep_27,Pep_27,Pep_27,Pep_27,6255.135091145833
Pep_38,AAAAPFQTSQASASAPR,,4218426.0,Pep_38,Pep_38,Pep_38,Pep_38,Pep_38,3844.3154296875
Pep_112,AAALAHLDRGSPPPAR,,3095721.0,Pep_112,Pep_112,Pep_112,Pep_112,Pep_112,3493.9345703125
Pep_33,AAAANIDEVQK,,2797560.0,Pep_33,Pep_33,Pep_33,Pep_33,Pep_33,2086.346476236979
Pep_175,AAASLAAVSGTAAASLGSAQPTDLGAHK,,7711695.0,Pep_175,Pep_175,Pep_175,Pep_175,Pep_175,6476.202799479167
Pep_200,AAAVGTANKSTVEGIQASVK,,4520268.0,Pep_200,Pep_200,Pep_200,Pep_200,Pep_200,5081.483154296875
Pep_16,AAAAAASAGSSASSGNQPPQELGLGELLEEFSR,,13369392.0,Pep_16,Pep_16,Pep_16,Pep_16,Pep_16,8029.52490234375
Pep_60,AAAEEQIK,,1310436.0,Pep_60,Pep_60,Pep_60,Pep_60,Pep_60,1221.3662719726562
Pep_104,AAAHLQGLIQVASR,,6047883.0,Pep_104,Pep_104,Pep_104,Pep_104,Pep_104,4303.107828776042
Pep_54,AAAEAAVPR,,1914120.0,Pep_54,Pep_54,Pep_54,Pep_54,Pep_54,1472.9368082682292
Pep_83,AAAGEDYKADCPPGNPAPTSNHGPDATEAEEDFVDPWTVQTSSAK,11|Carbamidomethyl,8274888.0,Pep_83,Pep_83,Pep_83,Pep_83,Pep_83,7307.756998697917
Pep_127,AAALQPLPATHAALYHGMALALLSR,,10189008.0,Pep_127,Pep_127,Pep_127,Pep_127,Pep_127,7862.125325520833
Pep_145,AAANPDLQGHLPSFQQSAFNR,,7354638.0,Pep_145,Pep_145,Pep_145,Pep_145,Pep_145,5904.565266927083
Pep_214,AAAYNLVQHGITNLCVIGGDGSLTGANIFR,15|Carbamidomethyl,11322756.0,Pep_214,Pep_214,Pep_214,Pep_214,Pep_214,8592.718424479166
Pep_160,AAAQCYIDLIIKESDNNVK,5|Carbamidomethyl,9747288.0,Pep_160,Pep_160,Pep_160,Pep_160,Pep_160,7029.404296875
Pep_46,AAAAVAPGGLQSTPGR,,3997566.0,Pep_46,Pep_46,Pep_46,Pep_46,Pep_46,3417.793701171875
Pep_223,AACGAVLLTELLER,3|Carbamidomethyl,11779200.0,Pep_223,Pep_223,Pep_223,Pep_223,Pep_223,5900.338541666667
Pep_141,AAAMTPPEEELKR,,3982842.0,Pep_141,Pep_141,Pep_141,Pep_141,Pep_141,3712.8933919270835
Pep_20,AAAAALSQQQSLQER,,3710448.0,Pep_20,Pep_20,Pep_20,Pep_20,Pep_20,3340.288330078125
Pep_201,AAAVLPVLDLAQR,,9434403.0,Pep_201,Pep_201,Pep_201,Pep_201,Pep_201,4919.983479817708
Pep_124,AAALLLQNDNNADVESK,,5477328.0,Pep_124,Pep_124,Pep_124,Pep_124,Pep_124,4347.985514322917
Pep_120,AAALEFLNR,,6728868.0,Pep_120,Pep_120,Pep_120,Pep_120,Pep_120,2374.2433268229165
