seq,modifications,tr
AAAAAAAAAAAAAAAASAGGK,,3423.0
AAAAAAAAAAAAAAAGAGAGAK,,2958.0
AAAAAAAAAAAAAAASGFAYPGTSER,,5436.0
AAAAAAAAAAK,,1674.0
AAAAAAAAAAR,,-1332.0
AAAAAAAAAASGAAIPPLIPPR,,4089.0000000000014
AAAAAAAAAASGAAIPPLIPPRR,,3542.0000000000005
AAAAAAAAAASGAAIPPLIPPRRVITLYQCFSVSQR,30|Carbamidomethyl,6108.0
AAAAAAAAAPAAAATAPTTAATTAATAAQ,,2578.0
AAAAAAAAAVSR,,-396.0
AAAAAAAAGAFAGR,,846.0
AAAAAAAAVPSAGPAGPAPTSAAGR,,1115.9999999999998
AAAAAAALQAK,,-864.0
AAAAAAASFAAEQAGAAALLPLGAAADHHSLYK,,5739.0
AAAAAADPNAAWAAYYSHYYQQPPGPVPGPAPAPAAPPAQGEPPQPPPTGQSDYTK,,5172.0
AAAAAAQSEGDEDRPGER,,-1476.0
AAAAAASAGSSASSGNQPPQELGLGELLEEFSR,,8111.999999999999
AAAAAATAPPSPGPAQPGPR,,336.0
AAAAAATVLLR,,1878.0
AAAAADLANR,,-1050.0
AAAAALSQQQSLQER,,240.0
AAAAASAAGPGGLVAGK,,390.0
AAAAASAAGPGGLVAGKEEK,,30.0
AAAAATVVPPMVGGPPFVGPVGFGPGDR,,6486.0
AAAAAWEEPSSGNGTAR,,333.00000000000006
AAAACLDK,5|Carbamidomethyl,-1710.0
AAAAELLAQTTHFLHDPK,,4518.0
AAAAFVLANENNIALFK,,5670.0
AAAAGRFPAQVPSAHQPSASGGAAAAAAAPAAPAAPR,,1566.0
AAAAGSGDLPPLGPATLLALCVQHSAR,21|Carbamidomethyl,6462.0
AAAAGSLDR,,-1560.0
AAAALCTLYHEAGQR,6|Carbamidomethyl,1962.0
AAAALMQDR,,-624.0
AAAANIDEVQK,,-504.0
AAAANLCPGDVILAIDGFGTESMTHADAQDR,7|Carbamidomethyl,7380.0
AAAANLCPGDVILAIDGFGTESMTHADAQDRIK,7|Carbamidomethyl,6918.0
AAAAPAATTATPPPEGAPPQPGVHNLPVPTLFGTVK,,5064.0
AAAAPAGGNPEQR,,-1524.0
AAAAPFQTSQASASAPR,,654.0
AAAAPGASPSPGGDAAWSEAGPGPR,,1584.0
AAAAPGASPSPGGDAAWSEAGPGPRPLAR,,2169.0
AAAASAAEAGIATTGTEDSDDALLK,,2762.0
AAAASVPNADGLK,,258.0
AAAATGTIFTFR,,3258.0
AAAAVAAAASSCR,12|Carbamidomethyl,-780.0
AAAAVAAAASSCRPLGSGAGPGPTGAAPVSAPAPGPGPAGK,12|Carbamidomethyl,2334.0
AAAAVAPGGLQSTPGR,,474.0
AAAAVEPDVVVK,,894.0
AAAAVVAAAAR,,-438.0
AAADFATHGK,,-1482.0
AAADGDRDCVLQK,9|Carbamidomethyl,-996.0
AAADLMAYCEAHAK,9|Carbamidomethyl,1152.0
AAADTLQGPMQAAYR,,1851.0
AAAEAAAEAK,,-2214.0
AAAEAAVPR,,-1224.0
AAAEAQCQWDALHGAAPFPAGPSGFPPLMHHSILHHLPAGR,7|Carbamidomethyl,4680.0
AAAEDVNVTFEDQQK,,1284.0
AAAEDVNVTFEDQQKINKFAR,,2136.0
AAAEEGHIIPR,,-582.0
AAAEELLAR,,840.0
AAAEEQIK,,-1716.0
AAAEEQIKVLEVTEEFGVHLAELTVDPQGALAIR,,9486.0
AAAEEVPIEPYNIPLSQAEVIQEGSDVTLVAWGTQVHVIR,,7884.0
AAAEGLMSLLR,,4944.0
AAAEIYEEFLAAFEGSDGNK,,8154.0
AAAEIYEEFLAAFEGSDGNKVK,,7488.0
AAAELALSCLPHAHALNPNEIQR,9|Carbamidomethyl,3342.0
AAAEQAISVR,,-396.0
AAAESAEAQTIR,,-714.0
AAAEVAGQFVIK,,2298.0
AAAEVNQDYGLDPK,,852.0
AAAFEEQENETVVVK,,1485.0
AAAFEEQENETVVVKEK,,888.0
AAAFEQLQK,,348.0
AAAFLAVLVASAPR,,6300.0
AAAFPPGFSISEIK,,4644.0
AAAFQVAPHSHGEEAVAQDRIPSGK,,984.0
AAAFVTSPPLSPDPTTPDFLNSLLSCGDLQVTGSAHCTFNTAQK,26|Carbamidomethyl|37|Carbamidomethyl,7736.999999999999
AAAGAAATHLEVAR,,-207.0
AAAGAAGAEAPR,,-1638.0
AAAGDAPPAAAPAASCSASLPGALGGSAGAAGAEDSYGLVAPATAAYR,16|Carbamidomethyl,4896.0
AAAGDLGGDHLAFSCDVAK,15|Carbamidomethyl,2259.0
AAAGEDYK,,-2076.0
AAAGEDYKADCPPGNPAPTSNHGPDATEAEEDFVDPWTVQTSSAK,11|Carbamidomethyl,3960.0
AAAGEFADDPCSSVK,11|Carbamidomethyl,654.0
AAAGEFADDPCSSVKR,11|Carbamidomethyl,282.0
AAAGELQEDSGLCVLAR,13|Carbamidomethyl,3120.0
AAAGELQEDSGLMALAK,,3612.0
AAAGGLAMLTSMR,,3786.0
AAAGGQGSAVAAEAEPGK,,-606.0
AAAGGQGSAVAAEAEPGKEEPPAR,,30.0
AAAGIQPPGYLIHESACWSDTLQR,17|Carbamidomethyl,4962.0
AAAGKAELELELGR,,1722.0000000000002
AAAGLGGGDSGDGTAR,,-1590.0
AAAGLLPGGK,,126.0
AAAGQEREGAEVR,,-1956.0
AAAGQESEGPAVGPPQPLGK,,1227.0
AAAGSAAGGFQR,,-708.0
AAAGSLPGLQAQLAQAEQR,,3545.9999999999995
AAAGVGGSLR,,-1302.0
AAAGYAACLLPGAGARPEVEALDASLEDLLTR,8|Carbamidomethyl,8793.0
AAAGYPDPYSR,,306.0
AAAHCAHVFTTVSQITAIEAQHLLK,5|Carbamidomethyl,4767.999999999999
AAAHHYGAQCDKPNK,10|Carbamidomethyl,-1974.0
AAAHLQGLIQVASR,,2145.0
AAAIGIDLGTTYSCVGVFQHGK,14|Carbamidomethyl,4545.0
AAAIGITQVVISR,,3174.0
AAAITSDILEALGR,,5988.0
AAAITSDILEALGRDGHFTLFAPTNEAFEK,,7686.0
AAAITSDILEALGRDGHFTLFAPTNEAFEKLPR,,7632.0
AAALAAAVAQDPAASGAPSS,,2109.0
AAALAHLDR,,-864.0
AAALAHLDRGSPPPAR,,-261.0
AAALASGCTVEIK,8|Carbamidomethyl,984.0
AAALATVNAWAEQTGMK,,4140.0
AAALCNACELSGK,5|Carbamidomethyl|8|Carbamidomethyl,420.0
AAALEAMK,,-1292.9999999999998
AAALEAMKDYTK,,1083.0
AAALEEHNAAMK,,-1354.0
AAALEEHNAAMKDQLK,,-186.0
AAALEFLNR,,2700.0
AAALEFLNRFEEAK,,4464.0
AAALEFLNRFEEAKR,,3804.0
AAALEQFK,,330.0
AAALLLQNDNNADVESK,,1680.0
AAALLMLTK,,2508.0
AAALPAKPPNLDAALALLR,,5922.0
AAALQPLPATHAALYHGMALALLSR,,5520.0
AAALQYPSPSAAQDMVER,,2958.0
AAALRAEITDAEGLGLK,,3168.0
AAALSFVSLVDGYFR,,8148.000000000001
AAALSGGGGPGAQAPR,,-648.0
AAALSGGLLSDPELQR,,3396.0
AAALSGGLLSDPELQRK,,2652.0
AAALSLSTLASPK,,2970.0
AAALSPEDETWEVLEEAPPPVFPLRPGGLPGLCEWLR,33|Carbamidomethyl,9384.0
AAALVLQTIWGYK,,5844.0
AAALVLQTIWGYKELR,,5562.0
AAAMAAAAAETSQR,,-216.0
AAAMANNLQK,,-1011.0
AAAMTPPEEELK,,966.0
AAAMTPPEEELKR,,462.0
AAANEQLTR,,-1560.0
AAANFSDR,,-1452.0
AAANGFCVFNNVAIAAAHAK,7|Carbamidomethyl,4506.0
AAANPDLQGHLPSFQQSAFNR,,3210.0
AAANVISR,,-1308.0
AAAPAEGPPGGIQPEAAEPKPTAEAPKAPR,,1230.0
AAAPAPEEEMDECEQALAAEPK,13|Carbamidomethyl,2377.5
AAAPAPGCCPPTPNPGSR,8|Carbamidomethyl|9|Carbamidomethyl,150.0
AAAPAPVSEAVCR,12|Carbamidomethyl,474.0
AAAPCIIFFDELDSLAPSR,5|Carbamidomethyl,8712.0
AAAPDRTNPLNITLPFSFIDYYKK,,6612.0
AAAPDVAPAPGPAPR,,279.0
AAAPGTLEPDAAAATPAAPSPASLPLAPGCALR,30|Carbamidomethyl,4764.0
AAAPGVEDEPLLR,,2028.0
AAAPLFTGFLVLHSEPR,,5811.0
AAAPQAWAGPMEEPPQAQAPPR,,2778.0
AAAPRPPVSAASGRPQDDTDSSR,,-444.0
AAAQCYIDLIIK,5|Carbamidomethyl,5070.0
AAAQCYIDLIIKESDNNVK,5|Carbamidomethyl,5160.0
AAAQETVR,,-2016.0
AAAQIAQALLGAEER,,4326.0
AAAQLLQSQAQQSGAQQTK,,540.0
AAAQLLQSQAQQSGAQQTKK,,84.0
AAAQLTYCSLCPPDDLADR,8|Carbamidomethyl|11|Carbamidomethyl,3588.0
AAAQQLGEVVK,,498.00000000000006
AAAQVLNTLWQYR,,5112.0
AAAQYYLGNFR,,2772.0
AAARPLLTDLYQATMALGYWR,,7854.0
AAASAPSSLLDQPCLCPAPSVR,14|Carbamidomethyl|16|Carbamidomethyl,3762.0
AAASEAPQDVTYAQLHSLTLR,,3528.0
AAASGIMGR,,-852.0
AAASGNENIQPPPLAYK,,1974.0
AAASGQPRPEMQCPAEHEEDMYR,13|Carbamidomethyl,750.0
AAASLAAVSGTAAASLGSAQPTDLGAHK,,3501.0
AAASLAAVSGTAAASLGSAQPTDLGAHKR,,3108.0
AAASLAAVSGTAAASLGSAQPTDLGAHKRPASVSSSAAVEHEQR,,2514.0
AAASLAWVLR,,4158.0
AAASLHELCAAR,9|Carbamidomethyl,-30.0
AAASLSQPEEEQK,,-882.0
AAASLSQPEEEQKLQPELQPK,,1752.0
AAASSPVTTLTQTMHDLAGLGSETPK,,6660.0
AAASTDYYK,,-1068.0
AAASTDYYKR,,-1482.0
AAASVLTTSMVTMEPGYLFLGSR,,7320.0
AAATAEEPDPK,,-1578.0
AAATDHRQELIECVANSDEQLGEMFLEEK,13|Carbamidomethyl,6312.0
AAATGLPEGPAVPVPSR,,2472.0
AAATIDSLASR,,612.0
AAATKKPAPEKKPAEK,,-2442.0
AAATLMSER,,-855.0
AAATPESQEPQAK,,-1472.9999999999998
AAATQPDAKDTPDEPWAFPAR,,2730.0
AAATTAQEYLK,,540.0
AAATTSQPVLTSQQIETIFFK,,6345.0
AAATYEQMK,,-1020.0
AAAVDFTAR,,186.0
AAAVDPTPAAPAR,,-366.0
AAAVGTANK,,-2784.0
AAAVGTANKSTVEGIQASVK,,900.0
AAAVLPVLDLAQR,,4905.0
AAAVPVEFQEHHLSEVQNMASEEK,,2709.0
AAAVPVEFQEHHLSEVQNMASEEKLEQVLSSMK,,5664.0
AAAVQADDVEVLK,,1572.0
AAAVSEAEADFYEQNSR,,2210.9999999999995
AAAVSLENVLLDVK,,5784.0
AAAVSSGFDGAIQLVSLGGR,,5640.0
AAAVVGINSETIMK,,2442.0
AAAVVGINSETIMKPASISEEELLNLINK,,7581.0
AAAYDISEDEED,,1026.0
AAAYDKLEK,,-996.0
AAAYDLLVEMVK,,5994.0
AAAYLSEAMK,,1056.0
AAAYNLVQHGITNLCVIGGDGSLTGANIFR,15|Carbamidomethyl,6443.999999999999
AAAYSAQVQPVDGATR,,468.0
AACALLNSGGGVIR,3|Carbamidomethyl,2184.0
AACAQLNDFLQEYGTQGCQV,3|Carbamidomethyl|18|Carbamidomethyl,5184.0
AACCLAGAR,3|Carbamidomethyl|4|Carbamidomethyl,-1440.0
AACDLVR,3|Carbamidomethyl,-1074.0
AACEQQAVALTLQEDR,3|Carbamidomethyl,2247.0
AACETFDVR,3|Carbamidomethyl,312.0
AACFAIQK,3|Carbamidomethyl,-96.0
AACGAVLLTELLER,3|Carbamidomethyl,6816.0
AACHLKLEDYDKAETEASK,3|Carbamidomethyl,468.0
AACIAEQYHTVLK,3|Carbamidomethyl,1128.0
AACILTSQTLMR,3|Carbamidomethyl,2097.0
AACLCFR,3|Carbamidomethyl|5|Carbamidomethyl,474.0
AACLLDGVPVALK,3|Carbamidomethyl,4248.000000000001
